{
    "birth": [
        -676.0499267578125, 
        1644.3187255859375
    ], 
    "bonfire": [
        -2097.33056640625, 
        133.45858764648438
    ], 
    "cafe": [
        593.1047973632812, 
        -2061.179443359375
    ], 
    "chimpanzee": [
        790.89599609375, 
        211.7662353515625
    ], 
    "forest": [
        -1376.470458984375, 
        2297.01611328125
    ], 
    "heartbeat": [
        -554.10888671875, 
        -2158.28271484375
    ], 
    "iceberg": [
        1045.7413330078125, 
        1272.21826171875
    ], 
    "ocean": [
        1749.6298828125, 
        -408.145751953125
    ], 
    "piano": [
        1181.7398681640625, 
        -1225.65234375
    ], 
    "projector": [
        -1089.601318359375, 
        -294.8017883300781
    ], 
    "raining": [
        333.55877685546875, 
        -671.2680053710938
    ], 
    "shutter": [
        1923.17724609375, 
        671.7755737304688
    ], 
    "snow": [
        -1686.212646484375, 
        -1209.1533203125
    ], 
    "sphere": [
        10.934612274169922, 
        1005.0845336914062
    ], 
    "telephone": [
        -256.2872619628906, 
        131.7362518310547
    ], 
    "temple": [
        -1237.9140625, 
        789.6083984375
    ], 
    "tool": [
        -503.58441162109375, 
        -1131.2103271484375
    ], 
    "waves": [
        390.27301025390625, 
        2133.77880859375
    ]
}